{
  "ParityECC": {
    "avg_correction_rate": 0.24845,
    "avg_detection_rate": 0.526825,
    "avg_success_rate": 0.775275,
    "avg_code_rate": 0.9569147355912062,
    "avg_overhead": 0.05078125,
    "avg_encode_time": 2.389294977183454e-06,
    "avg_decode_time": 2.3681003716774286e-06,
    "configurations_tested": 16
  },
  "HammingSECDEDECC": {
    "avg_correction_rate": 0.52401875,
    "avg_detection_rate": 0.045625,
    "avg_success_rate": 0.56964375,
    "avg_code_rate": 0.8145873503071646,
    "avg_overhead": 0.267578125,
    "avg_encode_time": 1.630040610616561e-05,
    "avg_decode_time": 1.670526320231147e-05,
    "configurations_tested": 16
  },
  "BCHECC": {
    "avg_correction_rate": 0.2823,
    "avg_detection_rate": 0.0,
    "avg_success_rate": 0.2823,
    "avg_code_rate": 0.5342549923195085,
    "avg_overhead": 0.875,
    "avg_encode_time": 1.562531921081245e-07,
    "avg_decode_time": 2.193102947785519e-07,
    "configurations_tested": 16
  },
  "ReedSolomonECC": {
    "avg_correction_rate": 0.2891375,
    "avg_detection_rate": 0.0,
    "avg_success_rate": 0.2891375,
    "avg_code_rate": 0.5342549923195085,
    "avg_overhead": 0.875,
    "avg_encode_time": 1.362929368042387e-07,
    "avg_decode_time": 1.7736549489200115e-07,
    "configurations_tested": 16
  },
  "CRCECC": {
    "avg_correction_rate": 0.236175,
    "avg_detection_rate": 0.506425,
    "avg_success_rate": 0.7426,
    "avg_code_rate": 0.8023640354522708,
    "avg_overhead": 0.33203125,
    "avg_encode_time": 1.5973518362443428e-05,
    "avg_decode_time": 1.562309245491633e-05,
    "configurations_tested": 16
  },
  "GolayECC": {
    "avg_correction_rate": 0.5010375,
    "avg_detection_rate": 0.0,
    "avg_success_rate": 0.5010375,
    "avg_code_rate": 0.6442245319180303,
    "avg_overhead": 1.04296875,
    "avg_encode_time": 1.7870087685878388e-06,
    "avg_decode_time": 1.8890293722506613e-06,
    "configurations_tested": 16
  },
  "RepetitionECC": {
    "avg_correction_rate": 0.72870625,
    "avg_detection_rate": 0.0,
    "avg_success_rate": 0.72870625,
    "avg_code_rate": 0.3571428571428571,
    "avg_overhead": 1.8828125,
    "avg_encode_time": 9.46144791378174e-06,
    "avg_decode_time": 1.0564644167607184e-05,
    "configurations_tested": 16
  },
  "LDPCECC": {
    "avg_correction_rate": 0.21038125,
    "avg_detection_rate": 0.40823125,
    "avg_success_rate": 0.6186125,
    "avg_code_rate": 0.71875,
    "avg_overhead": 0.9375,
    "avg_encode_time": 1.3971107063116506e-05,
    "avg_decode_time": 0.00021993772053247087,
    "configurations_tested": 16
  },
  "TurboECC": {
    "avg_correction_rate": 0.56249375,
    "avg_detection_rate": 0.0,
    "avg_success_rate": 0.56249375,
    "avg_code_rate": 0.3466973215774277,
    "avg_overhead": 1.89453125,
    "avg_encode_time": 2.1904367675597314e-05,
    "avg_decode_time": 6.3319388864329085e-06,
    "configurations_tested": 16
  },
  "ConvolutionalECC": {
    "avg_correction_rate": 0.6918625,
    "avg_detection_rate": 0.0,
    "avg_success_rate": 0.6918625,
    "avg_code_rate": 0.41209150326797384,
    "avg_overhead": 1.46875,
    "avg_encode_time": 1.864269722427707e-05,
    "avg_decode_time": 0.00025501749251852744,
    "configurations_tested": 16
  },
  "PolarECC": {
    "avg_correction_rate": 0.38321875,
    "avg_detection_rate": 0.0,
    "avg_success_rate": 0.38321875,
    "avg_code_rate": 0.7231331168831169,
    "avg_overhead": 0.6796875,
    "avg_encode_time": 1.4355159098340665e-05,
    "avg_decode_time": 0.0029603084782487714,
    "configurations_tested": 16
  },
  "ExtendedHammingECC": {
    "avg_correction_rate": 0.52100625,
    "avg_detection_rate": 0.23308125,
    "avg_success_rate": 0.7540875,
    "avg_code_rate": 0.7038862453336138,
    "avg_overhead": 0.46875,
    "avg_encode_time": 1.5609570025117137e-05,
    "avg_decode_time": 1.6437466263596433e-05,
    "configurations_tested": 16
  },
  "ProductCodeECC": {
    "avg_correction_rate": 0.45374375,
    "avg_detection_rate": 0.414125,
    "avg_success_rate": 0.86786875,
    "avg_code_rate": 0.33475300750049675,
    "avg_overhead": 2.482421875,
    "avg_encode_time": 1.812243440799648e-05,
    "avg_decode_time": 2.0653883696650154e-05,
    "configurations_tested": 16
  },
  "ConcatenatedECC": {
    "avg_correction_rate": 0.68365625,
    "avg_detection_rate": 0.2358,
    "avg_success_rate": 0.91945625,
    "avg_code_rate": 0.37010676646704294,
    "avg_overhead": 1.94140625,
    "avg_encode_time": 2.8896406368585303e-05,
    "avg_decode_time": 3.1182597980659923e-05,
    "configurations_tested": 16
  },
  "ReedMullerECC": {
    "avg_correction_rate": 0.3782625,
    "avg_detection_rate": 0.28390624999999997,
    "avg_success_rate": 0.66216875,
    "avg_code_rate": 0.5952540962621607,
    "avg_overhead": 0.806640625,
    "avg_encode_time": 3.709455783973681e-05,
    "avg_decode_time": 0.0009996295744043892,
    "configurations_tested": 16
  },
  "FireCodeECC": {
    "avg_correction_rate": 0.25540625,
    "avg_detection_rate": 0.6274125,
    "avg_success_rate": 0.88281875,
    "avg_code_rate": 0.6488967378782219,
    "avg_overhead": 0.580078125,
    "avg_encode_time": 2.1151408567675388e-06,
    "avg_decode_time": 9.394780760339927e-06,
    "configurations_tested": 16
  },
  "SpatiallyCoupledLDPCECC": {
    "avg_correction_rate": 0.3779375,
    "avg_detection_rate": 0.28630625,
    "avg_success_rate": 0.66424375,
    "avg_code_rate": 0.6604166666666667,
    "avg_overhead": 0.671875,
    "avg_encode_time": 1.5298672395874746e-05,
    "avg_decode_time": 0.0001478500357712619,
    "configurations_tested": 16
  },
  "NonBinaryLDPCECC": {
    "avg_correction_rate": 0.38906875,
    "avg_detection_rate": 0.4532375,
    "avg_success_rate": 0.84230625,
    "avg_code_rate": 0.5734447004608295,
    "avg_overhead": 0.8359375,
    "avg_encode_time": 3.366415669734124e-05,
    "avg_decode_time": 0.001290733101661317,
    "configurations_tested": 16
  },
  "RaptorCodeECC": {
    "avg_correction_rate": 0.447625,
    "avg_detection_rate": 0.0,
    "avg_success_rate": 0.447625,
    "avg_code_rate": 0.5963293650793651,
    "avg_overhead": 0.802734375,
    "avg_encode_time": 1.4478637008869555e-05,
    "avg_decode_time": 4.71141984598944e-06,
    "configurations_tested": 16
  }
}