{
  "ParityECC": {
    "avg_correction_rate": 0.47393125,
    "avg_detection_rate": 1.0,
    "avg_success_rate": 1.0,
    "avg_code_rate": 1.1609149916075912,
    "avg_overhead": -0.013671875,
    "avg_encode_time": 1.7769888043403625e-06,
    "avg_decode_time": 1.787644624710083e-06,
    "configurations_tested": 16
  },
  "HammingSECDEDECC": {
    "avg_correction_rate": 0.95483125,
    "avg_detection_rate": 1.0,
    "avg_success_rate": 1.0,
    "avg_code_rate": 0.7611209637525427,
    "avg_overhead": 0.337890625,
    "avg_encode_time": 1.53729647397995e-05,
    "avg_decode_time": 1.5966404974460602e-05,
    "configurations_tested": 16
  },
  "BCHECC": {
    "avg_correction_rate": 1.0,
    "avg_detection_rate": 1.0,
    "avg_success_rate": 1.0,
    "avg_code_rate": 2.3285714285714283,
    "avg_overhead": -0.279296875,
    "avg_encode_time": 1.3363361358642578e-07,
    "avg_decode_time": 1.8049925565719603e-07,
    "configurations_tested": 16
  },
  "ReedSolomonECC": {
    "avg_correction_rate": 0.8555875000000001,
    "avg_detection_rate": 0.9259000000000001,
    "avg_success_rate": 0.9259000000000001,
    "avg_code_rate": 0.08386143749503734,
    "avg_overhead": 11.87109375,
    "avg_encode_time": 1.0891999304294586e-05,
    "avg_decode_time": 0.00015502729862928392,
    "configurations_tested": 16
  },
  "CRCECC": {
    "avg_correction_rate": 0.494425,
    "avg_detection_rate": 1.0,
    "avg_success_rate": 1.0,
    "avg_code_rate": 0.7626553582435935,
    "avg_overhead": 0.42578125,
    "avg_encode_time": 1.6310730576515196e-05,
    "avg_decode_time": 1.605134904384613e-05,
    "configurations_tested": 16
  },
  "GolayECC": {
    "avg_correction_rate": 1.0,
    "avg_detection_rate": 1.0,
    "avg_success_rate": 1.0,
    "avg_code_rate": 0.6001086799999843,
    "avg_overhead": 0.869140625,
    "avg_encode_time": 2.51944363117218e-07,
    "avg_decode_time": 2.7494579553604126e-07,
    "configurations_tested": 16
  },
  "RepetitionECC": {
    "avg_correction_rate": 1.0,
    "avg_detection_rate": 1.0,
    "avg_success_rate": 1.0,
    "avg_code_rate": 0.3738589614562918,
    "avg_overhead": 1.7421875,
    "avg_encode_time": 1.049283891916275e-05,
    "avg_decode_time": 1.2211942672729492e-05,
    "configurations_tested": 16
  },
  "LDPCECC": {
    "avg_correction_rate": 1.0,
    "avg_detection_rate": 1.0,
    "avg_success_rate": 1.0,
    "avg_code_rate": 0.7531432954916937,
    "avg_overhead": 0.669921875,
    "avg_encode_time": 5.516543984413147e-07,
    "avg_decode_time": 3.2513141632080076e-07,
    "configurations_tested": 16
  },
  "TurboECC": {
    "avg_correction_rate": 1.0,
    "avg_detection_rate": 1.0,
    "avg_success_rate": 1.0,
    "avg_code_rate": 0.34738382043326294,
    "avg_overhead": 1.888671875,
    "avg_encode_time": 2.30210080742836e-05,
    "avg_decode_time": 6.749317049980164e-06,
    "configurations_tested": 16
  },
  "PolarECC": {
    "avg_correction_rate": 1.0,
    "avg_detection_rate": 1.0,
    "avg_success_rate": 1.0,
    "avg_code_rate": 0.7500933245498462,
    "avg_overhead": 0.671875,
    "avg_encode_time": 2.3323744535446167e-07,
    "avg_decode_time": 2.60414183139801e-07,
    "configurations_tested": 16
  },
  "ExtendedHammingECC": {
    "avg_correction_rate": 0.46196875,
    "avg_detection_rate": 1.0,
    "avg_success_rate": 1.0,
    "avg_code_rate": 0.9075382950382951,
    "avg_overhead": 0.390625,
    "avg_encode_time": 1.626822203397751e-05,
    "avg_decode_time": 1.716715842485428e-05,
    "configurations_tested": 16
  },
  "ProductCodeECC": {
    "avg_correction_rate": 0.58635625,
    "avg_detection_rate": 1.0,
    "avg_success_rate": 1.0,
    "avg_code_rate": 0.3268479822425303,
    "avg_overhead": 2.63671875,
    "avg_encode_time": 1.859913319349289e-05,
    "avg_decode_time": 2.0855553448200225e-05,
    "configurations_tested": 16
  },
  "ConcatenatedECC": {
    "avg_correction_rate": 0.76284375,
    "avg_detection_rate": 1.0,
    "avg_success_rate": 1.0,
    "avg_code_rate": 0.41024531252908414,
    "avg_overhead": 1.6640625,
    "avg_encode_time": 2.85503089427948e-05,
    "avg_decode_time": 3.10332790017128e-05,
    "configurations_tested": 16
  },
  "ReedMullerECC": {
    "avg_correction_rate": 0.7147125,
    "avg_detection_rate": 1.0,
    "avg_success_rate": 1.0,
    "avg_code_rate": 0.9464285714285714,
    "avg_overhead": 0.50390625,
    "avg_encode_time": 3.4977957606315615e-05,
    "avg_decode_time": 0.0009481748223304749,
    "configurations_tested": 16
  },
  "FireCodeECC": {
    "avg_correction_rate": 0.3728625,
    "avg_detection_rate": 1.0,
    "avg_success_rate": 1.0,
    "avg_code_rate": 0.6843207517120561,
    "avg_overhead": 0.484375,
    "avg_encode_time": 1.913061738014221e-06,
    "avg_decode_time": 8.30538123846054e-06,
    "configurations_tested": 16
  },
  "SpatiallyCoupledLDPCECC": {
    "avg_correction_rate": 0.7159375,
    "avg_detection_rate": 1.0,
    "avg_success_rate": 1.0,
    "avg_code_rate": 0.6017345110087046,
    "avg_overhead": 0.7890625,
    "avg_encode_time": 1.511346697807312e-05,
    "avg_decode_time": 0.00014515330195426942,
    "configurations_tested": 16
  },
  "NonBinaryLDPCECC": {
    "avg_correction_rate": 0.54655,
    "avg_detection_rate": 1.0,
    "avg_success_rate": 1.0,
    "avg_code_rate": 0.8064964157706093,
    "avg_overhead": 0.708984375,
    "avg_encode_time": 3.3104000985622405e-05,
    "avg_decode_time": 0.001273179003596306,
    "configurations_tested": 16
  },
  "RaptorCodeECC": {
    "avg_correction_rate": 1.0,
    "avg_detection_rate": 1.0,
    "avg_success_rate": 1.0,
    "avg_code_rate": 0.6980798771121351,
    "avg_overhead": 0.685546875,
    "avg_encode_time": 1.3896355032920837e-05,
    "avg_decode_time": 4.544401168823242e-06,
    "configurations_tested": 16
  }
}