{
  "ParityECC": {
    "avg_correction_rate": 0.47346875,
    "avg_detection_rate": 1.0,
    "avg_success_rate": 1.0,
    "avg_code_rate": 1.2326618721780012,
    "avg_overhead": -0.05078125,
    "avg_encode_time": 3.261712193489075e-06,
    "avg_decode_time": 3.2299652695655822e-06,
    "configurations_tested": 16
  },
  "HammingSECDEDECC": {
    "avg_correction_rate": 0.9539375,
    "avg_detection_rate": 1.0,
    "avg_success_rate": 1.0,
    "avg_code_rate": 0.7762189564821144,
    "avg_overhead": 0.3359375,
    "avg_encode_time": 2.2555947303771972e-05,
    "avg_decode_time": 2.369258850812912e-05,
    "configurations_tested": 16
  },
  "BCHECC": {
    "avg_correction_rate": 1.0,
    "avg_detection_rate": 1.0,
    "avg_success_rate": 1.0,
    "avg_code_rate": 2.9178571428571427,
    "avg_overhead": -0.3125,
    "avg_encode_time": 2.4997740983963013e-07,
    "avg_decode_time": 3.091096878051758e-07,
    "configurations_tested": 16
  },
  "ReedSolomonECC": {
    "avg_correction_rate": 0.98929375,
    "avg_detection_rate": 0.98929375,
    "avg_success_rate": 0.98929375,
    "avg_code_rate": 0.2349330357142857,
    "avg_overhead": 6.44140625,
    "avg_encode_time": 1.0619410872459412e-05,
    "avg_decode_time": 6.021554917097092e-05,
    "configurations_tested": 16
  },
  "CRCECC": {
    "avg_correction_rate": 1.0,
    "avg_detection_rate": 1.0,
    "avg_success_rate": 1.0,
    "avg_code_rate": 0.8190850815850816,
    "avg_overhead": 0.716796875,
    "avg_encode_time": 3.891989588737488e-07,
    "avg_decode_time": 4.331603646278381e-07,
    "configurations_tested": 16
  },
  "GolayECC": {
    "avg_correction_rate": 1.0,
    "avg_detection_rate": 1.0,
    "avg_success_rate": 1.0,
    "avg_code_rate": 0.5949767623680667,
    "avg_overhead": 0.861328125,
    "avg_encode_time": 2.747759222984314e-07,
    "avg_decode_time": 3.0403733253479005e-07,
    "configurations_tested": 16
  },
  "RepetitionECC": {
    "avg_correction_rate": 1.0,
    "avg_detection_rate": 1.0,
    "avg_success_rate": 1.0,
    "avg_code_rate": 0.4258704557091654,
    "avg_overhead": 1.501953125,
    "avg_encode_time": 1.033429205417633e-05,
    "avg_decode_time": 1.3108129799365997e-05,
    "configurations_tested": 16
  },
  "LDPCECC": {
    "avg_correction_rate": 1.0,
    "avg_detection_rate": 1.0,
    "avg_success_rate": 1.0,
    "avg_code_rate": 0.7390849488675575,
    "avg_overhead": 0.69921875,
    "avg_encode_time": 6.53471052646637e-07,
    "avg_decode_time": 4.92316484451294e-07,
    "configurations_tested": 16
  },
  "TurboECC": {
    "avg_correction_rate": 1.0,
    "avg_detection_rate": 1.0,
    "avg_success_rate": 1.0,
    "avg_code_rate": 0.34738382043326294,
    "avg_overhead": 1.888671875,
    "avg_encode_time": 4.0274018049240116e-05,
    "avg_decode_time": 9.597188234329224e-06,
    "configurations_tested": 16
  },
  "ConvolutionalECC": {
    "avg_correction_rate": 1.0,
    "avg_detection_rate": 1.0,
    "avg_success_rate": 1.0,
    "avg_code_rate": 0.9107008652267273,
    "avg_overhead": 0.47265625,
    "avg_encode_time": 2.6616367697715758e-05,
    "avg_decode_time": 0.6419882065355778,
    "configurations_tested": 16
  },
  "PolarECC": {
    "avg_correction_rate": 1.0,
    "avg_detection_rate": 1.0,
    "avg_success_rate": 1.0,
    "avg_code_rate": 0.7464713125039212,
    "avg_overhead": 0.666015625,
    "avg_encode_time": 5.504339933395386e-07,
    "avg_decode_time": 5.79361617565155e-07,
    "configurations_tested": 16
  },
  "ExtendedHammingECC": {
    "avg_correction_rate": 0.4613625,
    "avg_detection_rate": 1.0,
    "avg_success_rate": 1.0,
    "avg_code_rate": 0.712942978074557,
    "avg_overhead": 0.44140625,
    "avg_encode_time": 3.864511996507645e-05,
    "avg_decode_time": 4.1969747841358187e-05,
    "configurations_tested": 16
  },
  "ProductCodeECC": {
    "avg_correction_rate": 0.58705625,
    "avg_detection_rate": 1.0,
    "avg_success_rate": 1.0,
    "avg_code_rate": 0.3439122635665923,
    "avg_overhead": 2.5390625,
    "avg_encode_time": 5.071685612201691e-05,
    "avg_decode_time": 5.917807817459106e-05,
    "configurations_tested": 16
  },
  "ConcatenatedECC": {
    "avg_correction_rate": 0.763825,
    "avg_detection_rate": 1.0,
    "avg_success_rate": 1.0,
    "avg_code_rate": 0.3765235717732414,
    "avg_overhead": 1.876953125,
    "avg_encode_time": 8.838858753442764e-05,
    "avg_decode_time": 9.753067642450332e-05,
    "configurations_tested": 16
  },
  "ReedMullerECC": {
    "avg_correction_rate": 0.7145812500000001,
    "avg_detection_rate": 1.0,
    "avg_success_rate": 1.0,
    "avg_code_rate": 0.643186763952893,
    "avg_overhead": 0.701171875,
    "avg_encode_time": 8.397474139928817e-05,
    "avg_decode_time": 0.0018015966057777406,
    "configurations_tested": 16
  },
  "FireCodeECC": {
    "avg_correction_rate": 0.3726625,
    "avg_detection_rate": 1.0,
    "avg_success_rate": 1.0,
    "avg_code_rate": 0.6600323149236192,
    "avg_overhead": 0.548828125,
    "avg_encode_time": 4.9108043313026425e-06,
    "avg_decode_time": 2.2652728855609895e-05,
    "configurations_tested": 16
  },
  "SpatiallyCoupledLDPCECC": {
    "avg_correction_rate": 0.71529375,
    "avg_detection_rate": 1.0,
    "avg_success_rate": 1.0,
    "avg_code_rate": 0.7320957268537913,
    "avg_overhead": 0.619140625,
    "avg_encode_time": 2.502776086330414e-05,
    "avg_decode_time": 0.00022836985141038894,
    "configurations_tested": 16
  },
  "NonBinaryLDPCECC": {
    "avg_correction_rate": 0.5466875,
    "avg_detection_rate": 1.0,
    "avg_success_rate": 1.0,
    "avg_code_rate": 0.5974366359447004,
    "avg_overhead": 0.76171875,
    "avg_encode_time": 7.717398852109908e-05,
    "avg_decode_time": 0.002386965288221836,
    "configurations_tested": 16
  },
  "RaptorCodeECC": {
    "avg_correction_rate": 1.0,
    "avg_detection_rate": 1.0,
    "avg_success_rate": 1.0,
    "avg_code_rate": 0.9757264464925756,
    "avg_overhead": 0.693359375,
    "avg_encode_time": 2.3714573681354524e-05,
    "avg_decode_time": 1.0722616314888e-05,
    "configurations_tested": 16
  }
}