{
  "GolayECC": {
    "avg_correction_rate": 0.9997916666666666,
    "avg_detection_rate": 0.0,
    "avg_success_rate": 0.9997916666666666,
    "avg_code_rate": 0.5040362165298526,
    "avg_overhead": 1.0377604166666667,
    "avg_encode_time": 8.968439515835295e-06,
    "avg_decode_time": 9.260505641577765e-06,
    "configurations_tested": 24
  },
  "TurboECC": {
    "avg_correction_rate": 0.16666666666666666,
    "avg_detection_rate": 0.8333333333333334,
    "avg_success_rate": 1.0,
    "avg_code_rate": 0.3333333333333333,
    "avg_overhead": 2.0,
    "avg_encode_time": 4.596010629514543e-05,
    "avg_decode_time": 4.995314696376833e-05,
    "configurations_tested": 24
  },
  "RaptorCodeECC": {
    "avg_correction_rate": 0.16345833333333334,
    "avg_detection_rate": 0.7859583333333333,
    "avg_success_rate": 0.9494166666666667,
    "avg_code_rate": 0.5,
    "avg_overhead": 1.0,
    "avg_encode_time": 4.6946420926057424e-05,
    "avg_decode_time": 4.467903581098653e-05,
    "configurations_tested": 24
  },
  "CompositeECC": {
    "avg_correction_rate": 0.17570833333333333,
    "avg_detection_rate": 0.48341666666666666,
    "avg_success_rate": 0.659125,
    "avg_code_rate": 0.6883442265795207,
    "avg_overhead": 0.65625,
    "avg_encode_time": 3.165000719794383e-07,
    "avg_decode_time": 4.620012380958845e-07,
    "configurations_tested": 24
  },
  "PrimarySecondaryECC": {
    "avg_correction_rate": 0.163125,
    "avg_detection_rate": 0.42212500000000003,
    "avg_success_rate": 0.58525,
    "avg_code_rate": 0.7322303294077488,
    "avg_overhead": 0.5299479166666666,
    "avg_encode_time": 6.29736474074889e-05,
    "avg_decode_time": 0.0026558838907949395,
    "configurations_tested": 24
  },
  "HammingSECDEDECC": {
    "avg_correction_rate": 0.3567916666666667,
    "avg_detection_rate": 0.09554166666666666,
    "avg_success_rate": 0.45233333333333337,
    "avg_code_rate": 0.815189447554711,
    "avg_overhead": 0.2594401041666667,
    "avg_encode_time": 5.759173787373584e-05,
    "avg_decode_time": 5.873866952606477e-05,
    "configurations_tested": 24
  },
  "AdaptiveECC": {
    "avg_correction_rate": 0.48520833333333335,
    "avg_detection_rate": 0.19154166666666667,
    "avg_success_rate": 0.67675,
    "avg_code_rate": 0.7197797522699216,
    "avg_overhead": 0.6861979166666666,
    "avg_encode_time": 4.289180174237117e-05,
    "avg_decode_time": 5.4652241475802534e-05,
    "configurations_tested": 24
  },
  "SpatiallyCoupledLDPCECC": {
    "avg_correction_rate": 0.19283333333333333,
    "avg_detection_rate": 0.4237916666666667,
    "avg_success_rate": 0.616625,
    "avg_code_rate": 0.5855583072277256,
    "avg_overhead": 0.8248697916666666,
    "avg_encode_time": 4.659234942422093e-05,
    "avg_decode_time": 0.0017302651323892254,
    "configurations_tested": 24
  },
  "BCHECC": {
    "avg_correction_rate": 0.8170833333333334,
    "avg_detection_rate": 0.18158333333333332,
    "avg_success_rate": 0.9986666666666667,
    "avg_code_rate": 0.5282130056323604,
    "avg_overhead": 0.8958333333333334,
    "avg_encode_time": 6.170733235194348e-06,
    "avg_decode_time": 7.106154811723778e-05,
    "configurations_tested": 24
  },
  "ThreeDMemoryECC": {
    "avg_correction_rate": 0.26829166666666665,
    "avg_detection_rate": 0.44816666666666666,
    "avg_success_rate": 0.7164583333333333,
    "avg_code_rate": 0.7167902467902468,
    "avg_overhead": 0.703125,
    "avg_encode_time": 1.2812164233764633e-05,
    "avg_decode_time": 2.1506432531168685e-05,
    "configurations_tested": 24
  },
  "NonBinaryLDPCECC": {
    "avg_correction_rate": 0.20241666666666666,
    "avg_detection_rate": 0.618375,
    "avg_success_rate": 0.8207916666666667,
    "avg_code_rate": 0.5258565412166616,
    "avg_overhead": 0.9401041666666666,
    "avg_encode_time": 0.00037774985306411206,
    "avg_decode_time": 0.06921569921294576,
    "configurations_tested": 24
  },
  "CRCECC": {
    "avg_correction_rate": 0.062,
    "avg_detection_rate": 0.626625,
    "avg_success_rate": 0.688625,
    "avg_code_rate": 0.8878456273210332,
    "avg_overhead": 0.19563802083333334,
    "avg_encode_time": 4.564435113570653e-05,
    "avg_decode_time": 4.2609422923608994e-05,
    "configurations_tested": 24
  },
  "FireCodeECC": {
    "avg_correction_rate": 0.07066666666666667,
    "avg_detection_rate": 0.8129583333333333,
    "avg_success_rate": 0.883625,
    "avg_code_rate": 0.7438943562230007,
    "avg_overhead": 0.3912760416666667,
    "avg_encode_time": 6.332372955512256e-06,
    "avg_decode_time": 2.55626899258156e-05,
    "configurations_tested": 24
  },
  "SystemECC": {
    "avg_correction_rate": 0.05275,
    "avg_detection_rate": 0.731,
    "avg_success_rate": 0.78375,
    "avg_code_rate": 0.7977286557503617,
    "avg_overhead": 0.2991536458333333,
    "avg_encode_time": 5.274509261653293e-05,
    "avg_decode_time": 2.1088849573667783e-05,
    "configurations_tested": 24
  },
  "ReedSolomonECC": {
    "avg_correction_rate": 0.7142916666666667,
    "avg_detection_rate": 0.28570833333333334,
    "avg_success_rate": 1.0,
    "avg_code_rate": 0.5282130056323604,
    "avg_overhead": 0.8958333333333334,
    "avg_encode_time": 1.1919649958144873e-05,
    "avg_decode_time": 0.0001763791622846232,
    "configurations_tested": 24
  },
  "ParityECC": {
    "avg_correction_rate": 0.07933333333333334,
    "avg_detection_rate": 0.6070416666666667,
    "avg_success_rate": 0.686375,
    "avg_code_rate": 0.9578724386521924,
    "avg_overhead": 0.0498046875,
    "avg_encode_time": 4.711224057246e-06,
    "avg_decode_time": 4.647566660423763e-06,
    "configurations_tested": 24
  },
  "ConcatenatedECC": {
    "avg_correction_rate": 0.5255,
    "avg_detection_rate": 0.3858333333333333,
    "avg_success_rate": 0.9113333333333333,
    "avg_code_rate": 0.3691866862484968,
    "avg_overhead": 1.9368489583333333,
    "avg_encode_time": 7.752186684228946e-05,
    "avg_decode_time": 8.449811735287464e-05,
    "configurations_tested": 24
  },
  "ConvolutionalECC": {
    "avg_correction_rate": 0.6089583333333334,
    "avg_detection_rate": 0.0,
    "avg_success_rate": 0.6089583333333334,
    "avg_code_rate": 0.4375870317046788,
    "avg_overhead": 1.328125,
    "avg_encode_time": 4.4760320034887024e-05,
    "avg_decode_time": 0.0006743965085479431,
    "configurations_tested": 24
  },
  "ProductCodeECC": {
    "avg_correction_rate": 0.2285,
    "avg_detection_rate": 0.6588333333333334,
    "avg_success_rate": 0.8873333333333333,
    "avg_code_rate": 0.39456753850174575,
    "avg_overhead": 2.0377604166666665,
    "avg_encode_time": 4.469280926665912e-05,
    "avg_decode_time": 4.863554431843416e-05,
    "configurations_tested": 24
  },
  "CyclicECC": {
    "avg_correction_rate": 0.3857083333333333,
    "avg_detection_rate": 0.0,
    "avg_success_rate": 0.3857083333333333,
    "avg_code_rate": 0.5089394024003389,
    "avg_overhead": 0.966796875,
    "avg_encode_time": 2.8665110056560176e-05,
    "avg_decode_time": 4.0640667430125177e-07,
    "configurations_tested": 24
  },
  "BurstErrorECC": {
    "avg_correction_rate": 0.07579166666666667,
    "avg_detection_rate": 0.8773333333333333,
    "avg_success_rate": 0.953125,
    "avg_code_rate": 0.7140088878256514,
    "avg_overhead": 0.5625,
    "avg_encode_time": 6.096341892650041e-05,
    "avg_decode_time": 0.004139999007447235,
    "configurations_tested": 24
  },
  "ExtendedHammingECC": {
    "avg_correction_rate": 0.34883333333333333,
    "avg_detection_rate": 0.35154166666666664,
    "avg_success_rate": 0.700375,
    "avg_code_rate": 0.7976761649154998,
    "avg_overhead": 0.3177083333333333,
    "avg_encode_time": 5.967087874887511e-05,
    "avg_decode_time": 6.0839019924363433e-05,
    "configurations_tested": 24
  },
  "ReedMullerECC": {
    "avg_correction_rate": 0.162875,
    "avg_detection_rate": 0.4197916666666667,
    "avg_success_rate": 0.5826666666666667,
    "avg_code_rate": 0.8154761904761905,
    "avg_overhead": 0.3645833333333333,