{
  "ParityECC": {
    "avg_correction_rate": 0.47369375,
    "avg_detection_rate": 1.0,
    "avg_success_rate": 1.0,
    "avg_code_rate": 1.1527741922265249,
    "avg_overhead": 0.00390625,
    "avg_encode_time": 1.58090740442276e-06,
    "avg_decode_time": 1.575145125389099e-06,
    "configurations_tested": 16
  },
  "HammingSECDEDECC": {
    "avg_correction_rate": 0.95498125,
    "avg_detection_rate": 1.0,
    "avg_success_rate": 1.0,
    "avg_code_rate": 1.1841710131183816,
    "avg_overhead": 0.177734375,
    "avg_encode_time": 1.4708521962165832e-05,
    "avg_decode_time": 1.5280747413635254e-05,
    "configurations_tested": 16
  },
  "BCHECC": {
    "avg_correction_rate": 1.0,
    "avg_detection_rate": 1.0,
    "avg_success_rate": 1.0,
    "avg_code_rate": 2.577380952380952,
    "avg_overhead": -0.28515625,
    "avg_encode_time": 1.2778937816619872e-07,
    "avg_decode_time": 1.6936510801315307e-07,
    "configurations_tested": 16
  },
  "ReedSolomonECC": {
    "avg_correction_rate": 0.7484625,
    "avg_detection_rate": 0.7484625,
    "avg_success_rate": 0.7484625,
    "avg_code_rate": 1.1211167552912888,
    "avg_overhead": 4.15625,
    "avg_encode_time": 7.687008380889893e-06,
    "avg_decode_time": 5.534690022468567e-05,
    "configurations_tested": 16
  },
  "CRCECC": {
    "avg_correction_rate": 0.49303125000000003,
    "avg_detection_rate": 1.0,
    "avg_success_rate": 1.0,
    "avg_code_rate": 0.792817271493742,
    "avg_overhead": 0.400390625,
    "avg_encode_time": 1.5710118412971496e-05,
    "avg_decode_time": 1.537929028272629e-05,
    "configurations_tested": 16
  },
  "GolayECC": {
    "avg_correction_rate": 1.0,
    "avg_detection_rate": 1.0,
    "avg_success_rate": 1.0,
    "avg_code_rate": 0.602545310969224,
    "avg_overhead": 0.80859375,
    "avg_encode_time": 2.3454129695892335e-07,
    "avg_decode_time": 2.537056803703308e-07,
    "configurations_tested": 16
  },
  "RepetitionECC": {
    "avg_correction_rate": 1.0,
    "avg_detection_rate": 1.0,
    "avg_success_rate": 1.0,
    "avg_code_rate": 0.602457757296467,
    "avg_overhead": 1.611328125,
    "avg_encode_time": 1.1378252506256103e-05,
    "avg_decode_time": 1.2924268841743469e-05,
    "configurations_tested": 16
  },
  "LDPCECC": {
    "avg_correction_rate": 1.0,
    "avg_detection_rate": 1.0,
    "avg_success_rate": 1.0,
    "avg_code_rate": 0.752576712503183,
    "avg_overhead": 0.763671875,
    "avg_encode_time": 4.866227507591248e-07,
    "avg_decode_time": 2.9132962226867674e-07,
    "configurations_tested": 16
  },
  "TurboECC": {
    "avg_correction_rate": 1.0,
    "avg_detection_rate": 1.0,
    "avg_success_rate": 1.0,
    "avg_code_rate": 0.35086398824409437,
    "avg_overhead": 1.86328125,
    "avg_encode_time": 2.226281464099884e-05,
    "avg_decode_time": 6.521117687225342e-06,
    "configurations_tested": 16
  },
  "PolarECC": {
    "avg_correction_rate": 1.0,
    "avg_detection_rate": 1.0,
    "avg_success_rate": 1.0,
    "avg_code_rate": 0.7652786223438397,
    "avg_overhead": 0.689453125,
    "avg_encode_time": 2.3325979709625245e-07,
    "avg_decode_time": 2.5624632835388184e-07,
    "configurations_tested": 16
  },
  "ExtendedHammingECC": {
    "avg_correction_rate": 0.46150625,
    "avg_detection_rate": 1.0,
    "avg_success_rate": 1.0,
    "avg_code_rate": 0.6910956674114569,
    "avg_overhead": 0.5078125,
    "avg_encode_time": 1.6041195392608642e-05,
    "avg_decode_time": 1.70199915766716e-05,
    "configurations_tested": 16
  },
  "ProductCodeECC": {
    "avg_correction_rate": 0.5878875,
    "avg_detection_rate": 1.0,
    "avg_success_rate": 1.0,
    "avg_code_rate": 0.5709758958826391,
    "avg_overhead": 2.208984375,
    "avg_encode_time": 1.815345585346222e-05,
    "avg_decode_time": 2.055772393941879e-05,
    "configurations_tested": 16
  },
  "ConcatenatedECC": {
    "avg_correction_rate": 0.764225,
    "avg_detection_rate": 1.0,
    "avg_success_rate": 1.0,
    "avg_code_rate": 0.3742424617143297,
    "avg_overhead": 1.896484375,
    "avg_encode_time": 2.8687188029289247e-05,
    "avg_decode_time": 3.116867393255234e-05,
    "configurations_tested": 16
  },
  "ReedMullerECC": {
    "avg_correction_rate": 0.7157125,
    "avg_detection_rate": 1.0,
    "avg_success_rate": 1.0,
    "avg_code_rate": 0.9096049181630382,
    "avg_overhead": 0.51171875,
    "avg_encode_time": 3.577570915222168e-05,
    "avg_decode_time": 0.0009642463132739067,
    "configurations_tested": 16
  },
  "FireCodeECC": {
    "avg_correction_rate": 0.37268125,
    "avg_detection_rate": 1.0,
    "avg_success_rate": 1.0,
    "avg_code_rate": 0.7160702522115565,
    "avg_overhead": 0.4140625,
    "avg_encode_time": 1.9891753792762756e-06,
    "avg_decode_time": 8.862777054309845e-06,
    "configurations_tested": 16
  },
  "SpatiallyCoupledLDPCECC": {
    "avg_correction_rate": 0.7155125,
    "avg_detection_rate": 1.0,
    "avg_success_rate": 1.0,
    "avg_code_rate": 0.7338654401154401,
    "avg_overhead": 0.5625,
    "avg_encode_time": 1.4941580593585968e-05,
    "avg_decode_time": 0.00014401407092809676,
    "configurations_tested": 16
  },
  "NonBinaryLDPCECC": {
    "avg_correction_rate": 0.54801875,
    "avg_detection_rate": 1.0,
    "avg_success_rate": 1.0,
    "avg_code_rate": 0.5423931131592422,
    "avg_overhead": 0.908203125,
    "avg_encode_time": 3.316958248615265e-05,
    "avg_decode_time": 0.0012618797287344934,
    "configurations_tested": 16
  },
  "RaptorCodeECC": {
    "avg_correction_rate": 1.0,
    "avg_detection_rate": 1.0,
    "avg_success_rate": 1.0,
    "avg_code_rate": 0.6259248591909882,
    "avg_overhead": 0.765625,
    "avg_encode_time": 1.433515101671219e-05,
    "avg_decode_time": 4.637928307056427e-06,
    "configurations_tested": 16
  }
}