{
  "ecc_type": "ConcatenatedECC",
  "word_length": 32,
  "error_pattern": "double",
  "trials": 10000,
  "correctable_errors": 9241,
  "detected_errors": 759,
  "undetected_errors": 0,
  "encode_time_avg": 0.00023181746006011963,
  "decode_time_avg": 0.00025105862617492676,
  "total_time_avg": 0.00048287608623504637,
  "code_rate": 0.34408602150537637,
  "overhead_ratio": 1.90625,
  "correction_rate": 0.9241,
  "detection_rate": 1.0,
  "success_rate": 1.0,
  "error_distribution": {
    "corrected": 9241,
    "detected": 759,
    "undetected": 0
  }
}