{
  "ecc_type": "ConcatenatedECC",
  "word_length": 32,
  "error_pattern": "burst",
  "trials": 10000,
  "correctable_errors": 1817,
  "detected_errors": 8183,
  "undetected_errors": 0,
  "encode_time_avg": 0.0002623065710067749,
  "decode_time_avg": 0.00030418474674224853,
  "total_time_avg": 0.0005664913177490234,
  "code_rate": 0.3516483516483517,
  "overhead_ratio": 1.84375,
  "correction_rate": 0.1817,
  "detection_rate": 1.0,
  "success_rate": 1.0,
  "error_distribution": {
    "corrected": 1817,
    "detected": 8183,
    "undetected": 0
  }
}