{
  "ecc_type": "ConcatenatedECC",
  "word_length": 16,
  "error_pattern": "double",
  "trials": 10000,
  "correctable_errors": 8479,
  "detected_errors": 1521,
  "undetected_errors": 0,
  "encode_time_avg": 0.00013165290355682374,
  "decode_time_avg": 0.00013354933261871337,
  "total_time_avg": 0.0002652022361755371,
  "code_rate": 0.37209302325581395,
  "overhead_ratio": 1.6875,
  "correction_rate": 0.8479,
  "detection_rate": 1.0,
  "success_rate": 1.0,
  "error_distribution": {
    "corrected": 8479,
    "detected": 1521,
    "undetected": 0
  }
}