{
  "ecc_type": "ConcatenatedECC",
  "word_length": 16,
  "error_pattern": "burst",
  "trials": 10000,
  "correctable_errors": 1870,
  "detected_errors": 8130,
  "undetected_errors": 0,
  "encode_time_avg": 0.00012196564674377441,
  "decode_time_avg": 0.00014175002574920654,
  "total_time_avg": 0.00026371567249298093,
  "code_rate": 0.37209302325581395,
  "overhead_ratio": 1.6875,
  "correction_rate": 0.187,
  "detection_rate": 1.0,
  "success_rate": 1.0,
  "error_distribution": {
    "corrected": 1870,
    "detected": 8130,
    "undetected": 0
  }
}