{
  "ecc_type": "ProductCodeECC",
  "word_length": 16,
  "error_pattern": "random",
  "trials": 10000,
  "correctable_errors": 8537,
  "detected_errors": 1463,
  "undetected_errors": 0,
  "encode_time_avg": 0.00012983236312866212,
  "decode_time_avg": 0.0001561879873275757,
  "total_time_avg": 0.0002860203504562378,
  "code_rate": 0.38095238095238093,
  "overhead_ratio": 1.625,
  "correction_rate": 0.8537,
  "detection_rate": 1.0,
  "success_rate": 1.0,
  "error_distribution": {
    "corrected": 8537,
    "detected": 1463,
    "undetected": 0
  }
}