{
  "ecc_type": "ProductCodeECC",
  "word_length": 32,
  "error_pattern": "random",
  "trials": 10000,
  "correctable_errors": 2466,
  "detected_errors": 7534,
  "undetected_errors": 0,
  "encode_time_avg": 0.00016432392597198487,
  "decode_time_avg": 0.00017983739376068114,
  "total_time_avg": 0.000344161319732666,
  "code_rate": 0.49230769230769234,
  "overhead_ratio": 1.03125,
  "correction_rate": 0.2466,
  "detection_rate": 1.0,
  "success_rate": 1.0,
  "error_distribution": {
    "corrected": 2466,
    "detected": 7534,
    "undetected": 0
  }
}