{
  "ecc_type": "ProductCodeECC",
  "word_length": 32,
  "error_pattern": "single",
  "trials": 10000,
  "correctable_errors": 2447,
  "detected_errors": 7553,
  "undetected_errors": 0,
  "encode_time_avg": 0.00013524982929229737,
  "decode_time_avg": 0.00015696594715118407,
  "total_time_avg": 0.0002922157764434814,
  "code_rate": 0.47761194029850745,
  "overhead_ratio": 1.09375,
  "correction_rate": 0.2447,
  "detection_rate": 1.0,
  "success_rate": 1.0,
  "error_distribution": {
    "corrected": 2447,
    "detected": 7553,
    "undetected": 0
  }
}