{
  "ecc_type": "ProductCodeECC",
  "word_length": 32,
  "error_pattern": "double",
  "trials": 10000,
  "correctable_errors": 2375,
  "detected_errors": 7625,
  "undetected_errors": 0,
  "encode_time_avg": 0.00015298011302947997,
  "decode_time_avg": 0.00016072218418121338,
  "total_time_avg": 0.00031370229721069335,
  "code_rate": 0.47761194029850745,
  "overhead_ratio": 1.09375,
  "correction_rate": 0.2375,
  "detection_rate": 1.0,
  "success_rate": 1.0,
  "error_distribution": {
    "corrected": 2375,
    "detected": 7625,
    "undetected": 0
  }
}