{
  "ecc_type": "ReedSolomonECC",
  "word_length": 32,
  "error_pattern": "random",
  "trials": 10000,
  "correctable_errors": 9957,
  "detected_errors": 0,
  "undetected_errors": 43,
  "encode_time_avg": 2.1195244789123534e-05,
  "decode_time_avg": 0.00011902422904968261,
  "total_time_avg": 0.00014021947383880616,
  "code_rate": 0.5079365079365079,
  "overhead_ratio": 0.96875,
  "correction_rate": 0.9957,
  "detection_rate": 0.9957,
  "success_rate": 0.9957,
  "error_distribution": {
    "corrected": 9957,
    "detected": 0,
    "undetected": 43
  }
}