{
  "ecc_type": "CRCECC",
  "word_length": 16,
  "error_pattern": "random",
  "trials": 10000,
  "correctable_errors": 8356,
  "detected_errors": 1612,
  "undetected_errors": 32,
  "encode_time_avg": 1.4895491790957749e-05,
  "decode_time_avg": 1.4973311615176499e-05,
  "total_time_avg": 2.986880340613425e-05,
  "code_rate": 0.6666666666666666,
  "overhead_ratio": 0.5,
  "correction_rate": 0.8356,
  "detection_rate": 0.1612,
  "success_rate": 0.9968,
  "error_distribution": {
    "corrected": 8356,
    "detected": 1612,
    "undetected": 32
  }
}